日期,销量(千克),销售单价(元/千克),批发价格(元/千克),损耗率_品类,成本加成定价
2020-07-01,46.64,12.83495145631068,8.484368932038835,15.51,12.83495145631068
2020-07-02,43.943,12.421052631578947,7.832631578947368,15.51,12.421052631578947
2020-07-03,42.076,12.0,7.583333333333333,15.51,12.0
2020-07-04,55.662,12.619047619047619,8.220476190476191,15.51,12.619047619047619
2020-07-05,55.474,12.641509433962264,8.442075471698113,15.51,12.641509433962264
2020-07-06,42.721000000000004,12.013953488372094,7.946046511627907,15.509999999999998,12.013953488372094
2020-07-07,45.749,11.474226804123711,7.280824742268042,15.51,11.474226804123711
2020-07-08,45.433,11.736842105263158,7.360947368421052,15.51,11.736842105263158
2020-07-09,41.131,12.03370786516854,7.527752808988763,15.509999999999998,12.03370786516854
2020-07-10,62.344,10.683823529411764,6.608529411764706,15.510000000000002,10.683823529411764
2020-07-11,76.564,10.222302158273381,6.294172661870504,15.51,10.10773381294964
2020-07-12,71.615,10.887162162162161,6.357364864864865,15.51,10.536418918918919
2020-07-13,32.028,9.776712328767124,5.7080821917808215,15.51,9.70109589041096
2020-07-14,57.575,9.878260869565217,5.359043478260869,15.509999999999998,9.338695652173913
2020-07-15,37.962,10.068831168831169,5.41025974025974,15.51,9.427435064935064
2020-07-16,39.45,10.85421686746988,5.902409638554217,15.51,10.24
2020-07-17,44.198,10.503260869565217,5.910217391304348,15.510000000000002,10.114076086956521
2020-07-18,61.088,10.4875,5.905625,15.51,10.1513671875
2020-07-19,76.351,10.99151515151515,6.194545454545454,15.51,10.768333333333334
2020-07-20,47.431,9.1010101010101,5.28060606060606,15.51,8.964040404040405
2020-07-21,49.005,9.77017543859649,5.57,15.509999999999998,9.547719298245614
2020-07-22,53.675,10.649137931034483,6.013103448275862,15.510000000000002,10.380193965517241
2020-07-23,39.425,11.353409090909091,6.752954545454545,15.509999999999998,11.35340909090909
2020-07-24,37.695,10.7625,6.665000000000001,15.51,10.7625
2020-07-25,57.421,11.236666666666668,7.26325,15.51,11.236666666666668
2020-07-26,64.119,11.544604316546764,7.639280575539567,15.51,11.544604316546764
2020-07-27,42.876,11.347727272727273,7.4804545454545455,15.509999999999998,11.347727272727273
2020-07-28,34.937,11.161971830985916,7.209014084507042,15.51,11.099753521126761
2020-07-29,42.22,11.53936170212766,7.477659574468085,15.51,11.475159574468085
2020-07-30,38.198,10.49390243902439,6.676829268292683,15.51,10.460304878048781
2020-07-31,37.549,10.295945945945945,6.5132432432432426,15.51,10.295945945945947
2020-08-01,54.362,11.298347107438016,7.5562809917355365,15.51,11.298347107438016
2020-08-02,49.219,11.272727272727273,7.560909090909091,15.51,11.272727272727273
2020-08-03,44.426,11.168539325842696,7.142022471910113,15.509999999999998,11.168539325842696
2020-08-04,44.534,11.272727272727273,6.973636363636364,15.51,11.272727272727273
2020-08-05,43.631,10.435643564356436,6.360693069306931,15.51,10.435643564356436
2020-08-06,40.827,10.071428571428571,6.0980952380952385,15.51,10.071428571428571
2020-08-07,40.272,11.168539325842696,6.787303370786516,15.509999999999998,11.168539325842696
2020-08-08,58.156,11.181818181818182,6.744848484848484,15.51,11.17242424242424
2020-08-09,54.876,12.102564102564102,8.352136752136753,15.51,12.007692307692308
2020-08-10,50.7,11.836206896551724,8.18896551724138,15.510000000000002,11.777241379310345
2020-08-11,56.279,11.593984962406015,7.247894736842104,15.51,10.858947368421052
2020-08-12,50.065,11.837837837837839,7.176216216216216,15.51,11.366486486486487
2020-08-13,47.468,10.56637168141593,7.08070796460177,15.51,10.56637168141593
2020-08-14,58.582,10.408759124087592,6.415912408759124,15.51,10.307700729927006
2020-08-15,79.38,8.621301775147929,5.1221301775147925,15.51,8.621301775147929
2020-08-16,60.231,10.9007299270073,7.0975912408759125,15.51,10.9007299270073
2020-08-17,51.749,10.561983471074381,6.476859504132232,15.51,10.535165289256199
2020-08-18,55.92,10.077519379844961,6.368682170542636,15.51,9.815581395348838
2020-08-19,64.061,9.314285714285715,6.652,15.51,9.12742857142857
2020-08-20,69.587,9.133333333333333,6.27,15.51,9.003333333333334
2020-08-21,50.062,10.25925925925926,6.157037037037037,15.51,10.159166666666666
2020-08-22,55.886,10.242424242424242,6.027727272727272,15.51,10.133674242424242
2020-08-23,71.556,11.069620253164556,6.525759493670885,15.51,10.967310126582278
2020-08-24,41.784,10.584269662921349,6.738426966292134,15.509999999999998,10.584269662921349
2020-08-25,47.761,11.18867924528302,6.929811320754718,15.51,11.18867924528302
2020-08-26,82.544,11.033519553072626,7.603966480446928,15.51,11.033519553072626
2020-08-28,39.93,9.666666666666666,6.623333333333333,15.51,9.666666666666666
2020-08-29,56.803,10.275862068965518,7.133448275862068,15.510000000000002,10.275862068965518
2020-08-30,80.779,10.235294117647058,6.877058823529413,15.51,10.23529411764706
2020-08-31,54.722,9.91150442477876,6.126283185840708,15.51,9.91150442477876
2020-09-01,55.858,10.203389830508474,6.623728813559322,15.51,10.203389830508474
2020-09-02,38.716,10.311111111111112,6.551777777777778,15.510000000000002,10.311111111111112
2020-09-03,38.893,10.186046511627907,6.120116279069768,15.509999999999998,10.186046511627907
2020-09-04,46.612,10.099009900990099,5.914257425742575,15.51,10.099009900990099
2020-09-05,57.828,10.24,6.1164,15.51,10.24
2020-09-06,53.202,11.19083969465649,6.39763358778626,15.51,10.536431297709926
2020-09-07,26.257,11.28125,6.47640625,15.51,10.7251171875
2020-09-08,33.239,11.301204819277109,6.747469879518071,15.51,10.962289156626506
2020-09-09,32.73,11.253333333333334,6.8435999999999995,15.51,11.1068
2020-09-10,57.319,11.590909090909092,7.744242424242424,15.51,11.59090909090909
2020-09-11,31.538,9.363636363636363,6.631212121212122,15.51,9.363636363636363
2020-09-12,43.337,10.438202247191011,7.32494382022472,15.509999999999998,10.438202247191011
2020-09-13,41.704,10.178947368421053,7.016315789473683,15.51,10.178947368421053
2020-09-14,64.257,10.635135135135135,6.759864864864865,15.51,10.635135135135135
2020-09-15,29.878,10.373134328358208,6.543432835820896,15.510000000000002,10.373134328358208
2020-09-16,59.448,10.435114503816793,6.863969465648855,15.51,10.435114503816793
2020-09-17,32.648,10.2,6.5120000000000005,15.51,10.2
2020-09-18,27.705,10.2,6.382000000000001,15.51,10.2
2020-09-19,82.75999999999999,9.818867924528302,6.395283018867924,15.510000000000002,9.818867924528302
2020-09-20,53.497,9.422680412371134,5.498453608247423,15.51,9.162242268041238
2020-09-21,39.191,9.804878048780488,5.993414634146342,15.51,9.804878048780488
2020-09-22,40.905,10.76923076923077,6.788461538461538,15.51,10.676923076923078
2020-09-23,31.972,11.294117647058824,7.01764705882353,15.510000000000002,10.556470588235294
2020-09-24,38.952,12.636363636363637,8.271818181818182,15.509999999999998,12.636363636363637
2020-09-25,41.561,13.173913043478262,8.538804347826087,15.510000000000002,13.173913043478262
2020-09-27,35.964,11.951219512195122,7.377073170731707,15.51,11.951219512195122
2020-09-28,24.576,12.339622641509434,7.713962264150943,15.51,12.339622641509434
2020-09-29,28.105,12.413793103448276,7.5151724137931035,15.510000000000002,12.413793103448276
2020-09-30,60.771,12.47787610619469,7.604247787610619,15.51,12.47787610619469
2020-10-02,67.145,12.412213740458014,7.910229007633588,15.51,12.412213740458014
2020-10-03,44.493,11.91304347826087,7.6717391304347835,15.510000000000002,11.91304347826087
2020-10-04,34.491,12.173913043478262,6.884782608695652,15.510000000000002,11.938804347826089
2020-10-07,56.266,10.403508771929825,6.150526315789474,15.509999999999998,10.35469298245614
2020-10-08,49.58,10.131868131868131,6.065934065934066,15.510000000000002,10.131868131868131
2020-10-09,55.845,12.125,6.928571428571429,15.51,12.125
2020-10-10,37.393,10.88888888888889,6.405555555555556,15.51,10.88888888888889
2020-10-11,60.47,11.68503937007874,6.991732283464567,15.51,11.68503937007874
2020-10-12,34.815,9.942028985507246,5.769420289855073,15.510000000000002,9.942028985507246
2020-10-13,47.321,9.474747474747474,5.385151515151515,15.51,9.254318181818181
2020-10-14,48.259,9.51063829787234,5.623085106382979,15.51,9.366462765957447
2020-10-15,59.624,8.230985915492957,5.80443661971831,15.51,8.104559859154929
2020-10-19,57.412,8.596491228070175,5.297719298245614,15.509999999999998,8.596491228070175
2020-10-20,30.899,8.428571428571429,4.968571428571428,15.51,8.281904761904762
2020-10-21,40.555,8.8375,5.3575,15.51,8.8375
2020-10-22,26.166,8.6875,5.49125,15.51,8.6875
2020-10-23,23.854,9.24,5.5024,15.51,9.240000000000002
2020-10-24,31.113,9.125,5.399375,15.51,9.125000000000002
2020-10-25,43.114,9.025316455696203,5.647721518987342,15.51,9.025316455696203
2020-10-26,22.371,9.636363636363637,6.222272727272727,15.509999999999998,9.636363636363637
2020-10-27,23.305,9.816326530612244,6.971632653061223,15.51,9.816326530612244
2020-10-28,30.297,9.206896551724139,5.973793103448275,15.510000000000002,8.990775862068967
2020-10-29,24.902,8.736363636363636,6.002727272727273,15.509999999999998,8.525795454545454
2020-10-30,28.939,8.441379310344827,5.9158620689655175,15.510000000000002,8.441379310344827
2020-10-31,82.701,8.616867469879518,5.879156626506024,15.51,8.616867469879518
2020-11-01,69.062,8.8327868852459,6.025409836065574,15.51,8.8327868852459
2020-11-02,32.726,8.55483870967742,5.799032258064517,15.51,8.55483870967742
2020-11-03,51.945,8.596226415094339,5.013207547169811,15.51,8.428301886792452
2020-11-04,67.527,6.9799999999999995,4.6271538461538455,15.51,6.9019038461538464
2020-11-05,57.354,7.005714285714286,4.435714285714286,15.51,6.942857142857143
2020-11-09,57.592,6.157894736842105,4.3100000000000005,15.509999999999998,6.157894736842105
2020-11-10,25.698,6.44,3.7644,15.51,6.2697
2020-11-11,63.25,5.7952755905511815,4.542204724409449,15.51,5.7952755905511815
2020-11-12,13.406,5.828571428571428,3.9248571428571424,15.51,5.828571428571428
2020-11-13,60.306,5.673076923076923,4.166826923076923,15.51,5.673076923076923
2020-11-14,84.001,5.47,4.2494375,15.51,5.47
2020-11-15,77.798,5.496103896103896,4.046233766233766,15.51,5.496103896103896
2020-11-16,48.64,5.3999999999999995,3.795,15.51,5.3999999999999995
2020-11-17,43.621,5.487058823529411,3.9230588235294115,15.51,5.487058823529411
2020-11-18,50.438,4.795918367346939,3.6820408163265306,15.51,4.795918367346939
2020-11-19,77.165,4.688888888888889,3.3033333333333332,15.51,4.688888888888889
2020-11-20,52.701,4.827722772277228,3.3741584158415843,15.51,4.827722772277228
2020-11-25,37.137,4.2873239436619714,2.6964788732394362,15.51,4.2873239436619714
2020-11-26,34.766,4.933333333333334,3.21,15.51,4.933333333333334
2020-11-27,28.934,4.9,3.0999999999999996,15.51,4.9
2020-11-28,79.441,5.370629370629371,3.6911888111888116,15.509999999999998,5.370629370629371
2020-11-29,77.335,5.52,3.9919999999999995,15.51,5.52
2020-11-30,41.156,5.326582278481013,3.540253164556962,15.51,5.167848101265823
2020-12-01,25.82,5.470588235294118,3.68921568627451,15.51,5.470588235294118
2020-12-02,24.46,5.764705882352941,3.7788235294117647,15.51,5.764705882352941
2020-12-03,27.342,6.03076923076923,4.245,15.51,6.03076923076923
2020-12-04,27.457,6.2075471698113205,4.496603773584906,15.51,6.2075471698113205
2020-12-05,72.116,5.868085106382979,4.840212765957447,15.51,5.868085106382978
2020-12-06,67.968,7.333333333333333,4.886666666666667,15.51,7.333333333333333
2020-12-07,29.017,6.928571428571429,4.8149999999999995,15.51,6.928571428571429
2020-12-08,29.686,7.2631578947368425,5.1352631578947365,15.509999999999998,7.2631578947368425
2020-12-09,20.825,7.2444444444444445,5.185333333333333,15.510000000000002,7.2444444444444445
2020-12-10,20.405,6.863636363636363,4.981363636363636,15.509999999999998,6.863636363636363
2020-12-11,30.644,7.333333333333333,5.253333333333333,15.51,7.333333333333332
2020-12-12,65.466,7.267605633802817,5.230985915492958,15.51,7.267605633802817
2020-12-13,78.67,7.286624203821656,4.944267515923567,15.510000000000002,7.286624203821656
2020-12-14,33.376,6.852459016393443,4.578196721311475,15.51,6.852459016393443
2020-12-15,33.43,6.873239436619718,4.552253521126761,15.51,6.873239436619718
2020-12-16,26.065,7.464285714285714,4.839107142857143,15.51,7.464285714285714
2020-12-17,31.098,6.88135593220339,4.505762711864406,15.51,6.88135593220339
2020-12-18,26.454,7.166666666666667,4.828333333333333,15.51,7.166666666666667
2020-12-19,60.29,7.328125,4.920234375,15.51,7.328125
2020-12-21,37.057,7.041095890410959,4.923424657534247,15.51,7.041095890410959
2020-12-22,27.346,7.381818181818182,5.2629090909090905,15.51,7.381818181818182
2020-12-23,39.823,7.858823529411764,5.552941176470588,15.51,7.858823529411764
2020-12-24,39.293,7.448275862068965,5.307586206896552,15.509999999999998,7.448275862068965
2020-12-25,33.711,7.544303797468355,5.742784810126582,15.51,7.544303797468355
2020-12-26,62.717,8.790697674418604,5.960387596899225,15.51,8.790697674418604
2020-12-27,51.016,8.189473684210526,5.927894736842105,15.51,8.189473684210526
2020-12-28,33.949,7.714285714285714,5.651428571428571,15.51,7.714285714285714
2020-12-29,33.714,8.309859154929578,5.945633802816902,15.51,8.309859154929578
2020-12-30,33.438,8.615384615384615,5.881538461538462,15.51,8.615384615384615
2020-12-31,23.092,9.208333333333334,5.991875,15.51,9.208333333333334
2021-01-01,55.985,9.121495327102803,5.982710280373832,15.51,9.121495327102803
2021-01-02,31.833,8.875,5.833749999999999,15.51,8.875
2021-01-03,50.09,9.326732673267326,6.264257425742573,15.51,9.326732673267326
2021-01-04,24.728,9.115384615384615,6.270769230769231,15.51,9.115384615384615
2021-01-05,49.049,8.841121495327103,6.167476635514018,15.51,8.841121495327103
2021-01-06,51.711,8.709090909090909,6.227818181818181,15.51,8.709090909090909
2021-01-07,42.427,9.011764705882353,6.1702352941176475,15.51,9.011764705882353
2021-01-08,29.703,9.835820895522389,6.4085074626865675,15.510000000000002,9.835820895522389
2021-01-09,47.188,11.203703703703704,7.094166666666667,15.51,11.203703703703704
2021-01-10,57.696,11.282051282051283,7.454358974358975,15.51,11.282051282051283
2021-01-11,28.862,11.920634920634921,7.320952380952381,15.51,11.920634920634921
2021-01-12,18.847,12.533333333333333,7.606666666666667,15.510000000000002,12.339666666666668
2021-01-13,25.301,11.953125,8.1825,15.51,11.67328125
2021-01-14,34.119,12.029411764705882,8.592058823529412,15.510000000000002,12.029411764705882
2021-01-15,30.979,12.271428571428572,8.122142857142856,15.51,12.271428571428572
2021-01-16,45.807,12.425742574257425,8.190891089108911,15.51,12.425742574257425
2021-01-17,45.21,13.221505376344085,8.308387096774194,15.510000000000002,13.07005376344086
2021-01-18,33.17,12.777777777777779,8.492222222222223,15.51,12.777777777777779
2021-01-19,33.818,12.450704225352112,8.164507042253522,15.51,12.450704225352112
2021-01-20,33.627,12.933333333333334,8.442933333333334,15.51,12.933333333333334
2021-01-21,27.553,12.93939393939394,8.431515151515152,15.51,12.93939393939394
2021-01-22,32.636,12.882352941176471,8.422941176470587,15.510000000000002,12.882352941176471
2021-01-23,48.218,12.527272727272727,8.254636363636363,15.51,12.527272727272727
2021-01-24,56.086,13.080645161290322,8.517338709677418,15.51,13.080645161290322
2021-01-25,34.554,11.815384615384616,8.42153846153846,15.51,11.815384615384614
2021-01-26,36.857,11.825641025641024,7.616794871794872,15.51,11.825641025641024
2021-01-27,50.986000000000004,10.530973451327434,7.514424778761062,15.51,10.530973451327434
2021-01-28,47.788,11.038461538461538,7.022115384615384,15.51,11.038461538461538
2021-01-29,56.588,10.03305785123967,6.955619834710744,15.51,10.03305785123967
2021-01-30,63.124,10.0,6.57079365079365,15.51,10.0
2021-01-31,37.907,10.0,6.459761904761905,15.51,10.0
2021-02-01,25.144,10.0,6.54843137254902,15.51,10.000000000000002
2021-02-02,41.328,10.0,6.548064516129033,15.510000000000002,10.000000000000002
2021-02-03,84.615,8.286549707602338,6.020233918128655,15.51,8.286549707602338
2021-02-04,69.983,8.309859154929578,5.185774647887324,15.51,8.134788732394368
2021-02-05,58.169,8.31858407079646,5.116194690265487,15.51,8.144159292035399
2021-02-06,75.497,8.3841059602649,5.065562913907285,15.509999999999998,8.187251655629138
2021-02-07,53.682,8.589285714285714,5.0562499999999995,15.51,8.589285714285714
2021-02-13,22.759,8.0,4.2,15.51,7.3500000000000005
2021-02-14,16.607,8.35483870967742,5.367741935483871,15.51,8.312903225806451
2021-02-15,41.123,8.04109589041096,5.142191780821918,15.51,8.04109589041096
2021-02-16,40.493,8.341463414634147,5.721951219512196,15.51,8.341463414634147
2021-02-17,33.589,7.742857142857143,5.643714285714286,15.51,7.742857142857143
2021-02-18,56.001,6.537735849056604,5.280849056603773,15.51,6.537735849056604
2021-02-19,47.197,6.067961165048544,4.910194174757281,15.51,6.067961165048544
2021-02-20,39.445,6.506172839506172,4.471111111111111,15.51,6.506172839506172
2021-02-21,35.248,7.071428571428571,4.720952380952381,15.51,7.071428571428571
2021-02-22,30.813,6.363636363636363,4.7250000000000005,15.51,6.363636363636363
2021-02-23,24.456,6.576271186440678,4.754237288135593,15.51,6.576271186440678
2021-02-24,37.410000000000004,6.0,4.056153846153846,15.51,5.952403846153847
2021-02-25,39.885,6.0,4.159036144578313,15.51,6.0
2021-02-26,70.064,7.099337748344371,4.800066225165563,15.509999999999998,7.099337748344371
2021-02-27,74.704,7.921568627450981,4.97797385620915,15.509999999999998,7.921568627450981
2021-02-28,54.382,7.765137614678899,5.045504587155964,15.51,7.765137614678899
2021-03-01,28.579,8.576271186440678,4.998305084745763,15.51,8.391101694915253
2021-03-02,40.61,8.4,5.408,15.51,8.4
2021-03-03,22.01,8.825531914893617,5.035744680851064,15.51,8.72127659574468
2021-03-04,18.952,8.666666666666666,4.953846153846153,15.51,8.54102564102564
2021-03-05,41.955,8.460674157303371,4.95932584269663,15.509999999999998,8.399325842696628
2021-03-06,64.332,8.465079365079365,5.111190476190476,15.51,8.465079365079367
2021-03-07,84.586,7.0846625766871165,4.634110429447853,15.51,7.0846625766871165
2021-03-08,45.65,7.363106796116504,4.152233009708738,15.51,7.190679611650485
2021-03-09,34.073,7.451612903225806,4.541935483870967,15.51,7.451612903225806
2021-03-10,25.101,8.071428571428571,4.496428571428572,15.51,7.787053571428571
2021-03-11,30.749,8.484848484848484,4.234848484848484,15.51,7.4109848484848495
2021-03-12,31.282,8.656716417910447,5.001940298507463,15.510000000000002,8.331455223880596
2021-03-13,43.017,9.065217391304348,5.192934782608695,15.510000000000002,8.933179347826087
2021-03-14,41.13,9.357142857142858,6.065714285714286,15.51,9.357142857142858
2021-03-15,28.603,8.913793103448276,5.994999999999999,15.510000000000002,8.913793103448278
2021-03-16,19.792,8.65,5.913,15.51,8.65
2021-03-17,29.326,9.135593220338983,6.143559322033899,15.51,9.135593220338983
2021-03-18,29.081,8.344827586206897,5.870344827586207,15.510000000000002,8.344827586206897
2021-03-19,42.902,7.747126436781609,5.234137931034483,15.509999999999998,7.747126436781609
2021-03-20,34.377,8.666666666666666,5.713333333333334,15.51,8.666666666666666
2021-03-21,51.413000000000004,7.920388349514563,4.840291262135922,15.51,7.920388349514563
2021-03-22,30.625,8.909090909090908,5.240909090909091,15.51,8.517045454545455
2021-03-23,28.634,9.096774193548388,5.921290322580645,15.51,9.096774193548388
2021-03-24,27.331,8.915254237288135,5.911864406779661,15.51,8.915254237288135
2021-03-25,25.174,8.983050847457626,5.983050847457627,15.51,8.983050847457626
2021-03-26,48.956,9.223300970873787,6.230970873786408,15.51,9.223300970873787
2021-03-27,51.805,9.804123711340207,6.5240206185567,15.51,9.804123711340207
2021-03-28,50.119,9.793814432989691,6.819999999999999,15.51,9.793814432989691
2021-03-29,60.434,8.938053097345133,6.557522123893805,15.51,8.938053097345133
2021-03-30,26.924,10.346153846153847,6.75,15.51,10.264423076923077
2021-03-31,28.74,10.5,6.3,15.51,9.875
2021-04-01,39.109,8.973684210526315,6.260921052631579,15.51,8.973684210526315
2021-04-02,69.53,7.294117647058823,6.121176470588235,15.510000000000002,7.2941176470588225
2021-04-03,68.593,8.393939393939394,6.172424242424242,15.51,8.393939393939394
2021-04-04,71.456,8.108108108108109,5.834999999999999,15.51,8.108108108108109
2021-04-05,76.701,9.044025157232705,6.336666666666667,15.510000000000002,9.023930817610063
2021-04-06,13.129999999999999,8.064516129032258,5.871612903225807,15.51,8.064516129032258
2021-04-07,26.939,8.275862068965518,6.244137931034484,15.510000000000002,8.275862068965518
2021-04-08,22.294,8.745098039215685,6.323137254901961,15.51,8.745098039215685
2021-04-09,51.978,7.703703703703703,6.362962962962963,15.51,7.703703703703703
2021-04-10,50.186,7.576923076923077,5.775384615384615,15.51,7.576923076923077
2021-04-11,47.112,6.9787234042553195,5.468510638297872,15.51,6.9787234042553195
2021-04-12,32.027,7.454545454545454,5.52,15.51,7.454545454545454
2021-04-13,28.593,6.661290322580645,4.559677419354839,15.51,6.661290322580645
2021-04-14,30.12,7.036363636363636,4.778181818181818,15.51,7.036363636363636
2021-04-15,27.05,6.5793103448275865,4.4272413793103444,15.510000000000002,6.5793103448275865
2021-04-16,40.232,5.992405063291139,3.88,15.51,5.992405063291139
2021-04-17,77.636,6.3084967320261445,4.251633986928105,15.509999999999998,6.3084967320261445
2021-04-18,48.315,6.551020408163265,4.410612244897959,15.51,6.551020408163265
2021-04-19,25.092,6.013333333333334,4.123333333333334,15.510000000000002,6.013333333333334
2021-04-20,30.338,5.930000000000001,4.3469999999999995,15.51,5.930000000000001
2021-04-21,49.748,5.157894736842105,3.527894736842105,15.51,5.157894736842105
2021-04-22,34.615,5.074999999999999,3.3383333333333334,15.51,5.074999999999999
2021-04-23,47.035000000000004,4.6617021276595745,3.786595744680851,15.51,4.6617021276595745
2021-04-28,29.405,4.854237288135593,2.8430508474576275,15.51,4.6745762711864405
2021-04-29,33.858,4.3538461538461535,3.1532307692307695,15.51,4.3538461538461535
2021-04-30,38.125,4.136,3.6592,15.51,4.136
2021-05-01,57.443,5.069811320754717,3.154150943396226,15.51,5.069811320754717
2021-05-02,36.466,4.98,2.927,15.51,4.88775
2021-05-03,37.613,5.325,3.01225,15.51,5.2288125
2021-05-04,37.838,4.916666666666667,2.8699999999999997,15.51,4.776041666666667
2021-05-05,34.156,5.172413793103448,3.2644827586206895,15.509999999999998,5.172413793103448
2021-05-06,21.199,5.923076923076923,4.122692307692308,15.51,5.923076923076923
2021-05-07,26.046,5.655172413793103,3.855862068965517,15.510000000000002,5.655172413793103
2021-05-08,28.122,5.540983606557377,3.4924590163934424,15.51,5.495081967213115
2021-05-09,37.443,5.64935064935065,3.507792207792208,15.51,5.614285714285715
2021-05-10,30.866,5.609375,3.39109375,15.51,5.5703125
2021-05-11,27.768,5.610169491525424,3.367457627118644,15.51,5.571186440677966
2021-05-12,19.252,5.688888888888889,3.454444444444444,15.510000000000002,5.657777777777778
2021-05-13,24.095,6.48936170212766,3.567021276595745,15.51,6.242287234042553
2021-05-14,40.997,6.111111111111111,3.9099999999999997,15.510000000000002,6.035555555555556
2021-05-15,37.347,6.358974358974359,4.335641025641025,15.51,6.326923076923076
2021-05-16,52.382,6.954128440366972,4.712477064220183,15.51,6.93756880733945
2021-05-17,27.587,6.5,3.975,15.51,6.45
2021-05-18,31.098,7.2075471698113205,4.2349056603773585,15.51,7.181132075471697
2021-05-19,33.901,6.344262295081967,4.070327868852459,15.51,6.311475409836065
2021-05-20,17.189,6.7560975609756095,3.9121951219512194,15.51,6.714634146341463
2021-05-21,33.979,7.454545454545454,4.53090909090909,15.51,7.154545454545454
2021-05-22,34.962,7.947368421052632,5.1186842105263155,15.51,7.592105263157895
2021-05-23,64.231,7.91578947368421,4.925263157894737,15.51,7.4468421052631575
2021-05-24,40.924,7.465909090909091,4.622159090909091,15.509999999999998,7.465909090909091
2021-05-25,29.554,7.666666666666667,4.6866666666666665,15.51,7.666666666666667
2021-05-26,46.547,7.481132075471698,4.513584905660378,15.51,7.335849056603774
2021-05-27,43.952,7.659090909090909,4.687045454545455,15.509999999999998,7.5696022727272725
2021-05-28,42.189,7.703703703703703,4.81962962962963,15.51,7.703703703703703
2021-05-29,52.779,6.6415094339622645,5.124811320754717,15.51,6.6415094339622645
2021-05-30,21.296,5.735294117647059,4.7558823529411764,15.510000000000002,5.735294117647059
2021-05-31,39.165,6.402985074626866,5.047164179104478,15.510000000000002,6.402985074626866
2021-06-01,41.593,7.107142857142857,5.035119047619047,15.51,7.107142857142856
2021-06-02,43.414,6.7894736842105265,4.140789473684211,15.51,6.65328947368421
2021-06-03,36.284,7.27536231884058,4.607391304347826,15.510000000000002,7.149456521739131
2021-06-04,31.416,8.08695652173913,4.949565217391305,15.510000000000002,8.08695652173913
2021-06-05,61.486,8.066037735849056,4.848018867924528,15.51,7.680000000000001
2021-06-06,42.143,7.25,4.70625,15.51,6.96875
2021-06-07,24.819,7.909090909090909,4.7690909090909095,15.509999999999998,7.814545454545454
2021-06-08,25.106,7.465116279069767,4.5632558139534884,15.509999999999998,7.465116279069767
2021-06-09,26.845,8.173913043478262,4.974347826086956,15.510000000000002,7.97875
2021-06-10,13.847,7.461538461538462,4.350769230769231,15.51,7.421153846153847
2021-06-11,21.048,7.75,4.78875,15.51,7.7390625
2021-06-12,52.462,7.524752475247524,5.518415841584159,15.51,7.524752475247524
2021-06-13,62.324,7.677868852459016,6.154918032786885,15.51,7.677868852459016
2021-06-14,73.037,7.536231884057971,5.708115942028986,15.510000000000002,7.504347826086956
2021-06-15,45.326,8.444444444444445,5.191666666666666,15.510000000000002,8.444444444444445
2021-06-16,12.99,8.5,5.2387500000000005,15.51,8.5
2021-06-17,48.477,8.108695652173912,5.8500000000000005,15.510000000000002,8.093913043478262
2021-06-18,34.971,8.461538461538462,5.508461538461539,15.51,8.461538461538462
2021-06-19,44.511,8.93421052631579,5.465921052631579,15.51,8.735263157894737
2021-06-20,43.614,8.753846153846155,5.44676923076923,15.51,8.666615384615385
2021-06-21,54.07,9.178571428571429,5.554464285714286,15.51,9.033794642857144
2021-06-22,26.162,9.16,5.7346,15.51,9.16
2021-06-23,57.723,9.051724137931034,5.889396551724138,15.510000000000002,9.051724137931034
2021-06-24,34.885,8.984615384615385,5.894153846153846,15.51,8.984615384615385
2021-06-25,40.437,8.96103896103896,5.897142857142857,15.51,8.96103896103896
2021-06-26,71.821,9.557046979865772,6.184295302013422,15.509999999999998,9.557046979865772
2021-06-27,56.542,9.415929203539823,5.897345132743363,15.51,9.415929203539823
2021-06-28,35.784,9.215189873417721,5.6936708860759495,15.51,9.215189873417721
2021-06-29,34.383,9.424657534246576,5.882191780821918,15.51,9.424657534246576
2021-06-30,27.052,9.309090909090909,5.778181818181818,15.51,9.309090909090909
2021-07-01,33.72,9.0625,5.8306249999999995,15.51,9.062499999999998
2021-07-02,24.972,9.517857142857142,5.529107142857143,15.51,9.517857142857142
2021-07-03,48.497,8.936170212765957,5.296808510638297,15.51,8.789361702127659
2021-07-04,45.679,8.604651162790697,4.984883720930233,15.509999999999998,8.588372093023255
2021-07-05,66.355,8.330708661417322,4.746141732283465,15.51,8.224370078740158
2021-07-06,44.901,9.0,5.0874999999999995,15.51,8.85
2021-07-07,40.488,8.69767441860465,4.976744186046512,15.509999999999998,8.657209302325581
2021-07-08,61.361,8.482758620689655,4.931379310344827,15.510000000000002,8.482758620689655
2021-07-09,28.476,8.588235294117647,4.912352941176471,15.510000000000002,8.515441176470588
2021-07-10,70.59,8.129032258064516,5.131806451612904,15.510000000000002,7.878435483870968
2021-07-11,75.634,7.548192771084337,4.96210843373494,15.51,7.528689759036145
2021-07-12,24.48,8.152542372881356,5.473898305084745,15.51,8.116186440677966
2021-07-13,47.258,8.029126213592233,5.397184466019417,15.51,7.994684466019417
2021-07-14,50.127,7.525252525252525,4.887474747474748,15.51,7.5075252525252525
2021-07-15,27.632,7.758620689655173,5.0248275862068965,15.510000000000002,7.7170689655172415
2021-07-16,39.074,7.662650602409639,5.049759036144578,15.51,7.662650602409639
2021-07-17,79.353,7.54421768707483,4.815714285714286,15.509999999999998,7.54421768707483
2021-07-18,60.81,7.581818181818182,4.673454545454546,15.51,7.4061818181818175
2021-07-19,34.935,7.802631578947368,5.00407894736842,15.51,7.719736842105264
2021-07-20,46.461,7.891089108910891,5.184257425742574,15.51,7.873935643564357
2021-07-21,52.983,7.854368932038835,5.677281553398058,15.51,7.844174757281554
2021-07-22,34.223,8.0,5.614117647058824,15.510000000000002,7.611764705882353
2021-07-23,38.509,7.956521739130435,4.973768115942029,15.510000000000002,7.736413043478261
2021-07-24,50.323,8.813725490196079,6.038235294117647,15.51,8.813725490196079
2021-07-25,60.229,9.409448818897637,6.67,15.51,9.409448818897637
2021-07-26,25.066,8.115384615384615,6.684807692307692,15.51,8.115384615384615
2021-07-27,53.678,9.097345132743364,6.75929203539823,15.51,9.097345132743364
2021-07-28,58.303,9.6,6.724,15.509999999999998,9.6
2021-07-29,31.376,9.533333333333333,6.599333333333333,15.51,9.533333333333333
2021-07-30,43.631,9.591578947368422,6.428,15.51,9.591578947368422
2021-07-31,47.859,9.87378640776699,6.530679611650485,15.51,9.87378640776699
2021-08-01,66.798,9.123999999999999,6.62,15.51,9.123999999999999
2021-08-02,24.162,9.1,6.71,15.51,9.1
2021-08-03,20.641,9.14,6.8886,15.51,9.14
2021-08-04,14.278,9.105263157894736,5.8042105263157895,15.51,9.105263157894735
2021-08-05,26.638,9.193548387096774,6.412580645161291,15.51,9.193548387096774
2021-08-06,28.948,9.953846153846154,7.013230769230769,15.51,9.953846153846154
2021-08-07,40.416,10.0,7.0200000000000005,15.510000000000002,10.0
2021-08-08,50.406,10.0,7.02,15.509999999999998,10.0
2021-08-09,56.607,10.0,6.81,15.51,10.0
2021-08-10,11.233,9.88888888888889,6.6066666666666665,15.51,9.88888888888889
2021-08-11,1.054,10.0,6.78,15.51,10.0
2021-08-12,12.87,10.0,5.933,15.51,9.67625
2021-08-13,3.504,10.0,7.260000000000001,15.51,10.0
2021-08-14,16.528,10.0,7.3,15.51,10.0
2021-08-15,8.103,10.0,7.349999999999999,15.51,10.0
2021-08-16,6.045,10.0,7.4,15.51,10.0
2021-08-17,9.498000000000001,10.0,7.409999999999999,15.51,10.0
2021-08-18,8.645,9.333333333333334,7.140000000000001,15.51,9.333333333333334
2021-08-19,8.906,10.0,7.49,15.51,10.0
2021-08-20,47.274,8.305882352941177,6.424588235294118,15.51,8.305882352941177
2021-08-21,34.9,8.596491228070175,6.503859649122807,15.509999999999998,8.596491228070175
2021-08-22,1.546,10.0,7.73,15.51,10.0
2021-08-23,4.509,10.0,7.11,15.51,10.0
2021-08-24,9.206999999999999,10.0,6.97,15.51,10.0
2021-08-25,2.219,10.0,6.686666666666667,15.51,10.0
2021-08-26,5.452,10.0,7.0616666666666665,15.51,9.9725
2021-08-27,19.568,8.357142857142858,5.773928571428571,15.51,8.340357142857142
2021-08-28,35.502,8.708333333333334,6.0775,15.51,8.690208333333333
2021-08-29,56.181,8.547619047619047,5.822500000000001,15.51,8.50922619047619
2021-08-30,48.287,8.329113924050633,5.817974683544304,15.51,8.313924050632911
2021-08-31,42.879,8.4,5.648285714285715,15.51,8.366107142857144
2021-09-01,8.003,10.0,8.16,15.51,10.0
2021-09-02,27.869,12.0,8.17,15.51,11.999999999999998
2021-09-03,24.967,12.0,8.45,15.51,12.0
2021-09-04,32.878,12.0,8.72,15.51,12.0
2021-09-05,51.129,11.964285714285714,8.868214285714286,15.51,11.964285714285717
2021-09-06,34.751,10.148148148148149,7.860000000000001,15.51,10.148148148148149
2021-09-07,23.172,10.26923076923077,7.8100000000000005,15.51,10.26923076923077
2021-09-08,15.183,10.216216216216216,7.7700000000000005,15.51,10.216216216216216
2021-09-09,14.255,10.057142857142857,7.749714285714286,15.51,10.057142857142857
2021-09-10,24.651,10.296296296296296,7.91,15.51,10.296296296296296
2021-09-11,18.06,8.117647058823529,7.961176470588235,15.510000000000002,8.117647058823529
2021-09-12,32.063,8.0,7.01,15.51,8.0
2021-09-13,11.356,12.0,6.72,15.51,11.76
2021-09-14,10.777000000000001,12.0,7.8,15.51,12.0
2021-09-15,12.702,12.0,7.799999999999999,15.51,12.0
2021-09-16,9.283,12.0,7.829999999999999,15.509999999999998,12.0
2021-09-17,13.163,12.0,7.14,15.510000000000002,12.0
2021-09-18,35.325,11.205128205128204,6.69,15.51,11.028878205128207
2021-09-19,51.647,10.0,6.21,15.51,10.0
2021-09-20,69.542,9.966423357664235,6.38080291970803,15.51,9.966423357664235
2021-09-21,56.3,10.0,6.88,15.51,10.0
2021-09-22,38.956,10.0,6.34,15.51,10.0
2021-09-23,27.236,10.0,6.32,15.510000000000002,10.0
2021-09-24,8.431000000000001,8.0,6.09,15.51,7.999999999999998
2021-09-25,46.058,7.986363636363635,5.870000000000001,15.509999999999998,7.986363636363635
2021-09-26,2.299,8.0,5.96,15.51,8.0
2021-09-27,4.863,8.0,5.79,15.51,8.0
2021-09-28,12.669,9.8125,6.368437500000001,15.51,9.8125
2021-09-29,23.336,10.0,6.57,15.51,10.0
2021-09-30,34.511,10.0,6.57,15.51,10.0
2021-10-01,56.82,9.71774193548387,6.86,15.51,9.71774193548387
2021-10-02,40.392,9.771739130434783,7.39,15.510000000000002,9.771739130434783
2021-10-03,41.672,9.70873786407767,7.03,15.51,9.70873786407767
2021-10-04,39.913000000000004,10.0,7.0,15.51,10.0
2021-10-05,51.134,10.0,7.0,15.51,10.0
2021-10-06,41.573,10.0,7.21,15.51,10.0
2021-10-07,23.278,12.0,7.88,15.51,12.0
2021-10-08,19.823,14.0,8.4,15.51,14.0
2021-10-09,22.221999999999998,14.0,8.76,15.51,14.0
2021-10-10,40.329,13.923809523809524,8.88,15.51,13.923809523809524
2021-10-11,4.407,10.0,8.99,15.51,10.0
2021-10-12,18.362,13.391304347826088,9.18,15.510000000000002,13.391304347826088
2021-10-13,16.528,13.363636363636363,9.45,15.509999999999998,13.363636363636363
2021-10-14,14.852,13.333333333333334,9.45,15.51,13.333333333333334
2021-10-15,23.991,13.217391304347826,9.377173913043478,15.510000000000002,13.214945652173913
2021-10-16,36.28,13.468354430379748,9.47,15.51,13.468354430379748
2021-10-17,26.795,13.6,9.58,15.51,13.599999999999998
2021-10-18,20.605999999999998,14.10943396226415,9.915471698113207,15.51,13.900943396226417
2021-10-19,16.958,14.0,10.22,15.51,14.0
2021-10-20,25.154,14.0,11.4,15.51,14.000000000000002
2021-10-30,17.279,14.0,13.82,15.51,14.0
2021-10-31,28.424,14.0,9.73,15.51,14.0
2021-11-01,26.24,12.0,8.63,15.510000000000002,11.999999999999998
2021-11-02,25.844,12.0,8.64,15.509999999999998,12.0
2021-11-03,27.868,12.0,8.64,15.51,12.0
2021-11-04,23.879,12.0,8.63,15.51,11.999999999999998
2021-11-05,37.479,11.944444444444445,8.599722222222223,15.51,11.944444444444445
2021-11-06,26.725,10.175438596491228,6.879999999999999,15.509999999999998,10.175438596491228
2021-11-07,35.638,10.289855072463768,7.75,15.510000000000002,10.289855072463768
2021-11-08,28.296,10.350877192982455,8.43,15.509999999999998,10.350877192982455
2021-11-09,27.373,10.215384615384615,8.52,15.51,10.215384615384615
2021-11-10,27.656,10.172413793103448,8.98,15.510000000000002,10.172413793103448
2021-11-11,13.156,14.0,9.07,15.51,14.000000000000002
2021-11-12,18.935,14.0,8.89,15.509999999999998,14.0
2021-11-13,20.049,14.0,8.87,15.509999999999998,14.0
2021-11-14,30.582,14.0,8.89,15.51,14.0
2021-11-15,12.677,14.0,8.890000000000002,15.51,14.0
2021-11-16,12.525,14.0,8.890000000000002,15.51,14.0
2021-11-17,15.791,14.0,9.02,15.51,14.0
2021-11-18,6.018,14.0,9.12,15.51,14.0
2021-11-19,8.768,14.0,9.21,15.510000000000002,14.0
2021-11-22,9.756,14.0,9.24,15.510000000000002,14.0
2021-11-23,9.495,14.0,10.48,15.51,14.0
2021-11-24,12.559,14.0,10.54,15.51,14.0
2021-11-25,10.217,14.0,10.69,15.51,13.999999999999998
2021-11-26,17.511,12.0,8.28,15.51,12.0
2021-11-27,23.115,12.0,8.52,15.51,12.0
2021-11-28,21.817,12.0,8.6,15.51,12.0
2021-11-29,9.182,12.0,9.13,15.51,12.0
2021-11-30,25.737,10.0,8.11,15.51,10.0
2021-12-01,18.538,10.0,7.22,15.509999999999998,10.0
2021-12-02,18.262999999999998,10.0,7.29,15.51,10.0
2021-12-03,20.739,12.0,7.48,15.51,11.999999999999998
2021-12-04,22.865000000000002,14.0,8.35,15.510000000000002,14.0
2021-12-05,25.795,14.0,8.47,15.51,14.0
2021-12-06,14.424,12.0,8.64,15.51,12.0
2021-12-07,16.639,12.0,8.77,15.51,12.0
2021-12-08,15.059000000000001,14.0,8.96,15.51,14.000000000000002
2021-12-09,12.175,14.0,9.12,15.51,14.0
2021-12-10,14.231,14.0,9.36,15.51,14.0
2021-12-11,30.45,14.0,9.42,15.510000000000002,14.000000000000002
2021-12-12,15.656,14.0,9.35,15.51,14.0
2021-12-13,27.925,10.88,8.1512,15.51,10.88
2021-12-14,13.141,14.0,8.21,15.51,14.0
2021-12-15,18.179,12.0,8.06,15.510000000000002,12.0
2021-12-16,25.768,8.0,7.47,15.510000000000002,8.0
2021-12-17,34.299,8.0,6.84,15.51,8.0
2021-12-18,42.242,8.0,6.76,15.509999999999998,8.0
2021-12-19,51.133,8.0,6.34,15.51,8.0
2021-12-20,24.901,8.0,4.96,15.51,7.999999999999999
2021-12-21,18.202,8.0,4.97,15.51,8.0
2021-12-22,14.458,8.0,4.98,15.51,8.0
2021-12-23,24.073,7.957446808510638,5.038510638297873,15.51,7.946329787234042
2021-12-24,30.134999999999998,9.0,5.54,15.510000000000002,9.0
2021-12-25,33.162,9.0,5.69,15.51,9.0
2021-12-26,28.498,9.0,5.96,15.51,9.0
2021-12-27,15.213,9.0,5.97,15.51,9.0
2021-12-28,24.145,9.0,5.94,15.51,9.0
2021-12-29,24.749,8.0,5.68,15.509999999999998,8.0
2021-12-30,17.651,8.0,5.11,15.51,8.0
2021-12-31,69.793,6.140350877192983,4.1255263157894735,15.509999999999998,6.140350877192983
2022-01-01,38.272,8.0,5.19,15.51,8.0
2022-01-02,26.605,8.0,5.4,15.510000000000002,8.0
2022-01-03,38.027,6.0,5.57,15.51,6.0
2022-01-04,45.257,6.0,5.38,15.509999999999998,6.0
2022-01-05,39.688,6.0,5.46,15.51,6.000000000000001
2022-01-06,35.897,6.0,5.41,15.51,6.0
2022-01-07,31.834,8.0,5.1,15.51,8.0
2022-01-08,43.284,8.0,4.84,15.509999999999998,8.0
2022-01-10,35.175,6.0,3.82,15.51,6.0
2022-01-11,54.466,6.0,4.06,15.510000000000002,6.0
2022-01-12,35.007,6.0,3.76,15.510000000000002,5.999999999999999
2022-01-13,21.816,6.0,4.0,15.51,6.0
2022-01-14,23.405,7.0,4.0,15.51,7.0
2022-01-15,37.538,7.0,4.0,15.51,7.0
2022-01-16,58.007,6.0,4.06,15.51,6.0
2022-01-17,11.754999999999999,7.0,4.15,15.51,7.0
2022-01-18,9.211,7.0,4.1,15.51,7.0
2022-01-19,16.223,7.0,4.1,15.51,7.0
2022-01-20,32.318,7.0,4.16,15.510000000000002,6.999999999999999
2022-01-21,32.031,7.0,4.44,15.510000000000002,7.0
2022-01-22,64.541,8.0,4.68,15.51,8.0
2022-01-23,74.249,7.95036496350365,5.1,15.51,7.944525547445256
2022-01-24,22.147,9.0,5.73,15.510000000000002,9.0
2022-01-25,48.877,10.0,6.0,15.509999999999998,10.0
2022-01-26,32.217,10.0,6.22,15.51,10.0
2022-01-27,58.027,10.0,6.4,15.509999999999998,10.0
2022-01-28,85.253,10.0,6.32,15.51,10.0
2022-02-01,13.968,10.0,6.4,15.510000000000002,10.0
2022-02-02,38.729,10.0,6.4,15.510000000000002,10.0
2022-02-03,26.229,10.0,6.4,15.51,10.0
2022-02-04,48.036,10.0,6.3,15.51,10.0
2022-02-05,45.665,9.0,5.24,15.510000000000002,9.0
2022-02-06,52.784,9.0,5.2,15.509999999999998,9.0
2022-02-07,43.144,9.0,5.47,15.51,9.0
2022-02-08,44.616,8.151807228915663,5.594819277108434,15.51,8.142168674698794
2022-02-09,25.255,9.0,5.95,15.51,9.0
2022-02-10,23.057,8.0,5.2,15.51,8.0
2022-02-11,24.982,8.0,5.2,15.51,8.0
2022-02-12,35.481,8.0,5.32,15.51,8.0
2022-02-13,37.882,8.0,5.43,15.51,8.0
2022-02-14,35.754,8.0,5.24,15.51,8.0
2022-02-15,30.547,8.0,5.09,15.51,8.0
2022-02-16,21.875,8.0,5.16,15.51,8.0
2022-02-17,20.645,8.0,5.3,15.51,8.0
2022-02-18,24.401,8.0,5.299999999999999,15.51,8.0
2022-02-19,49.665,8.0,5.3,15.509999999999998,8.0
2022-02-20,36.386,7.731343283582089,5.053432835820895,15.510000000000002,7.724626865671641
2022-02-21,28.045,8.0,5.400000000000001,15.51,8.0
2022-02-22,21.47,8.0,5.49,15.509999999999998,8.0
2022-02-23,28.796,8.0,5.6,15.51,8.0
2022-02-24,34.624,8.0,5.74,15.510000000000002,8.0
2022-02-25,25.668,8.0,6.0,15.51,8.0
2022-02-26,29.244,10.0,6.07,15.51,10.0
2022-02-27,34.072,10.0,6.6,15.51,10.0
2022-02-28,22.582,10.0,6.6,15.510000000000002,10.0
2022-03-01,22.944,10.0,6.6,15.509999999999998,10.0
2022-03-02,18.905,10.0,6.6,15.51,10.0
2022-03-03,21.88,10.0,6.6,15.51,10.0
2022-03-04,20.119,10.0,6.599999999999999,15.51,10.0
2022-03-05,29.269,10.0,6.6,15.51,10.0
2022-03-06,31.384,9.921875,6.5581249999999995,15.51,9.921875
2022-03-07,0.632,10.0,6.6,15.51,10.0
2022-03-08,14.951,8.266666666666667,4.8,15.51,8.053333333333333
2022-03-09,15.084,8.125,4.8,15.51,8.025
2022-03-10,16.971,8.205128205128204,4.97,15.51,8.071538461538463
2022-03-11,19.221,8.458333333333334,5.122083333333333,15.51,8.2709375
2022-03-12,27.529,8.344827586206897,6.5522413793103444,15.510000000000002,8.344827586206897
2022-03-13,30.393,8.229508196721312,7.0,15.51,8.229508196721312
2022-03-14,9.127,10.0,7.0,15.51,10.0
2022-03-15,7.721,10.0,6.7700000000000005,15.51,10.0
2022-03-16,11.876999999999999,10.24,7.201999999999999,15.51,10.24
2022-03-17,12.813,10.0,7.19,15.51,10.0
2022-03-18,14.473,12.0,7.02,15.51,12.0
2022-03-19,24.298000000000002,12.0,7.02,15.51,12.0
2022-03-20,16.749,12.0,7.22,15.51,12.0
2022-03-21,13.613,12.0,7.3,15.510000000000002,11.999999999999998
2022-03-22,16.239,12.0,7.3,15.51,11.999999999999998
2022-03-23,7.625,12.0,7.2700000000000005,15.51,12.0
2022-03-24,7.711,12.0,7.22,15.51,12.0
2022-03-25,14.528,11.664000000000001,7.1848,15.51,11.664000000000001
2022-03-26,16.707,10.0,7.4,15.51,10.0
2022-03-27,11.68,10.0,7.4,15.51,10.0
2022-03-28,2.089,10.0,6.73,15.51,10.0
2022-03-30,30.3,8.222222222222221,6.75,15.51,8.222222222222221
2022-03-31,25.097,8.16326530612245,6.75,15.51,8.16326530612245
2022-04-01,25.701,8.408163265306122,7.32,15.51,8.408163265306122
2022-04-02,26.163,8.326530612244898,7.4,15.51,8.326530612244898
2022-04-03,16.438,8.357142857142858,7.4799999999999995,15.51,8.357142857142856
2022-04-04,22.224,12.0,7.480000000000001,15.510000000000002,11.999999999999998
2022-04-05,21.248,12.0,7.48,15.51,11.999999999999998
2022-04-06,17.497,9.5625,5.9159375,15.51,9.562499999999998
2022-04-07,10.494,12.0,7.48,15.51,11.999999999999998
2022-04-08,10.629,12.0,7.48,15.509999999999998,11.999999999999998
2022-04-09,15.591,14.0,7.679999999999999,15.51,13.44
2022-04-10,7.757000000000001,14.0,7.950000000000001,15.51,13.912499999999998
2022-04-11,6.383,12.0,7.96,15.510000000000002,11.999999999999998
2022-04-12,6.375,14.0,7.96,15.51,13.93
2022-04-13,9.797,14.0,7.8,15.51,13.65
2022-04-14,6.047,14.0,7.72,15.51,13.51
2022-04-15,10.73,14.0,8.32,15.509999999999998,13.999999999999998
2022-04-16,12.666,14.0,8.32,15.510000000000002,13.999999999999998
2022-04-17,20.254,14.0,8.4,15.51,14.0
2022-04-18,12.087,14.0,8.6,15.510000000000002,14.000000000000002
2022-04-19,7.869,14.0,8.6,15.51,14.000000000000004
2022-04-20,11.413,14.0,9.34,15.51,14.0
2022-04-21,8.548,14.117647058823529,9.653529411764707,15.510000000000002,14.117647058823529
2022-04-22,18.726,14.0,9.5,15.51,14.0
2022-04-23,19.648,12.054054054054054,8.137297297297296,15.51,12.054054054054054
2022-04-24,15.603,14.0,9.37,15.510000000000002,14.0
2022-04-25,16.833,12.0,8.27,15.51,12.0
2022-04-26,9.969,11.578947368421053,8.063157894736841,15.51,11.578947368421053
2022-04-27,9.138,12.0,7.44,15.509999999999998,12.0
2022-04-28,11.202,12.0,7.18,15.510000000000002,12.0
2022-04-29,21.479,12.047619047619047,7.23547619047619,15.51,12.047619047619047
2022-04-30,28.319,10.0,6.77,15.51,10.0
2022-05-01,23.295,10.0,6.13,15.51,10.0
2022-05-02,13.734,8.129032258064516,5.75,15.51,8.129032258064516
2022-05-03,27.601,8.0,5.78,15.51,8.0
2022-05-04,26.182,8.13090909090909,5.81,15.51,8.13090909090909
2022-05-05,18.79,8.057142857142857,5.81,15.51,8.057142857142857
2022-05-06,20.488,8.19090909090909,3.4,15.509999999999998,5.95
2022-05-07,23.375,6.0,3.2,15.510000000000002,5.6000000000000005
2022-05-08,42.607,6.0,4.32,15.51,6.0
2022-05-09,29.087,8.0,5.85,15.51,8.0
2022-05-10,22.638,8.0,4.42,15.51,7.734999999999999
2022-05-11,19.261,8.0,5.2,15.51,8.0
2022-05-12,24.59,8.0,5.5,15.51,8.0
2022-05-13,21.993,8.0,5.44,15.51,8.0
2022-05-14,48.521,8.0,5.43,15.51,8.0
2022-05-15,43.781,8.0,5.61,15.51,8.0
2022-05-16,23.633,8.0,5.45,15.51,8.0
2022-05-17,15.163,8.0,6.1,15.51,8.0
2022-05-18,20.24,8.0,5.96,15.509999999999998,8.0
2022-05-19,17.603,8.0,5.61,15.51,8.0
2022-05-20,13.908,9.2,5.589999999999999,15.51,9.2
2022-05-21,26.494,9.2,5.569999999999999,15.51,9.2
2022-05-22,23.847,9.2,5.85,15.51,9.2
2022-05-23,15.361,9.2,6.57,15.51,9.2
2022-05-24,27.64,8.0,6.45,15.51,8.0
2022-05-25,19.562,8.0,6.15,15.51,8.0
2022-05-26,25.011,8.0,6.82,15.51,7.999999999999999
2022-05-27,18.568,8.0,6.82,15.51,8.0
2022-05-28,35.114,8.0,6.18,15.51,8.0
2022-05-29,42.403,8.0,5.69,15.509999999999998,8.0
2022-05-30,24.336,8.0,5.690000000000001,15.51,8.0
2022-05-31,15.854,8.0,5.69,15.51,8.0
2022-06-01,22.234,8.0,5.72,15.51,8.0
2022-06-02,20.605,8.0,5.799999999999999,15.51,8.0
2022-06-03,29.489,9.2,5.84,15.51,9.200000000000001
2022-06-04,13.898,9.2,6.2,15.51,9.2
2022-06-05,21.97,10.0,6.259999999999999,15.51,10.0
2022-06-06,23.309,9.2,6.459999999999999,15.509999999999998,9.2
2022-06-07,20.909,9.2,6.54,15.51,9.2
2022-06-08,17.046,9.2,6.73,15.51,9.2
2022-06-09,21.532,9.2,6.51,15.509999999999998,9.2
2022-06-10,13.058,10.0,6.27,15.510000000000002,10.0
2022-06-11,34.691,10.0,6.45,15.51,10.0
2022-06-12,29.698,10.0,6.71,15.51,10.0
2022-06-13,23.638,10.0,6.24,15.51,10.0
2022-06-14,23.587,10.0,6.35,15.51,10.0
2022-06-15,18.931,10.0,6.35,15.51,10.0
2022-06-16,18.079,10.0,6.43,15.51,10.0
2022-06-17,27.301,10.0,6.44,15.51,10.000000000000002
2022-06-18,29.834,10.0,6.08,15.51,10.0
2022-06-19,31.956,9.2,6.07,15.51,9.2
2022-06-20,26.02,9.2,6.07,15.510000000000002,9.2
2022-06-21,22.014,7.2,5.91,15.51,7.2
2022-06-22,23.449,7.2,6.0,15.51,7.2
2022-06-23,14.583,7.2,5.97,15.510000000000002,7.2
2022-06-24,17.64,9.2,5.05,15.510000000000002,8.8375
2022-06-25,22.426,8.0,5.19,15.51,8.0
2022-06-26,36.32,7.2,4.96,15.51,7.2
2022-06-27,21.772000000000002,7.2,4.94,15.51,7.2
2022-06-28,23.307,8.0,5.75,15.51,8.0
2022-06-29,40.424,7.377027027027027,5.322027027027027,15.51,7.377027027027027
2022-06-30,47.528,7.485542168674698,5.450722891566265,15.51,7.485542168674698
2022-07-01,28.897,8.903508771929824,5.884385964912281,15.509999999999998,8.903508771929824
2022-07-02,55.851,8.756435643564355,5.766930693069307,15.51,8.755965346534653
2022-07-03,47.944,9.655913978494624,6.104086021505377,15.510000000000002,9.655913978494624
2022-07-04,27.955000000000002,10.0,6.27,15.51,10.0
2022-07-05,42.64,9.306666666666667,5.872933333333334,15.51,9.306666666666667
2022-07-06,31.186,9.115789473684211,5.865964912280702,15.509999999999998,9.115789473684211
2022-07-07,50.962,8.0,5.677931034482758,15.509999999999998,8.0
2022-07-08,48.356,7.959595959595959,5.413131313131313,15.51,7.959595959595959
2022-07-09,44.535000000000004,8.0,5.6,15.51,8.0
2022-07-10,67.457,7.977304964539007,5.400567375886525,15.51,7.977304964539007
2022-07-11,24.264,8.0,5.9529508196721315,15.51,8.0
2022-07-12,64.579,7.694964028776978,5.583525179856116,15.51,7.694964028776978
2022-07-13,46.435,7.8999999999999995,5.890416666666667,15.51,7.8999999999999995
2022-07-14,34.033,10.0,6.2,15.51,10.0
2022-07-15,30.18,10.0,6.2,15.51,10.0
2022-07-16,59.714,10.0,6.12,15.51,10.0
2022-07-17,53.705,9.984126984126984,6.097380952380952,15.51,9.984126984126984
2022-07-18,43.19,10.0,5.63,15.51,9.8525
2022-07-19,33.363,9.972602739726028,5.503698630136986,15.51,9.602739726027398
2022-07-20,43.777,9.2,5.68,15.51,9.2
2022-07-21,38.147,9.2,5.94,15.51,9.2
2022-07-22,33.655,9.2,6.0,15.51,9.2
2022-07-23,45.47,9.2,6.0,15.51,9.2
2022-07-24,45.96,9.2,5.63,15.51,9.2
2022-07-25,79.565,8.595604395604395,6.267967032967033,15.510000000000002,8.595604395604395
2022-07-26,73.97,8.802597402597401,6.032857142857143,15.51,8.802597402597401
2022-07-27,67.503,9.54758620689655,5.983379310344827,15.509999999999998,9.547586206896552
2022-07-28,60.76,9.4176,5.8271999999999995,15.51,9.4176
2022-07-29,64.225,9.173643410852712,5.6105426356589145,15.51,8.965116279069768
2022-07-30,61.873,9.195555555555554,5.318962962962964,15.51,8.921666666666667
2022-07-31,49.207,9.20467289719626,5.1570093457943935,15.51,9.01607476635514
2022-08-01,82.282,8.431952662721894,5.124023668639054,15.51,8.150887573964496
2022-08-02,80.493,8.731428571428571,4.722342857142857,15.51,8.219042857142856
2022-08-03,68.43599999999999,7.775757575757575,5.327333333333334,15.51,7.622424242424243
2022-08-04,65.154,7.6573426573426575,5.131258741258742,15.509999999999998,7.355979020979021
2022-08-05,72.799,7.150967741935484,4.71716129032258,15.510000000000002,7.073548387096775
2022-08-08,76.68900000000001,7.224698795180722,4.601325301204819,15.51,6.9955873493975895
2022-08-09,75.303,7.253459119496855,4.619245283018868,15.510000000000002,6.9475
2022-08-10,70.518,7.288275862068965,4.549724137931035,15.509999999999998,6.904224137931034
2022-08-11,73.029,7.231543624161074,4.632281879194631,15.509999999999998,6.92701342281879
2022-08-12,74.91,7.396000000000001,4.3637999999999995,15.51,6.926849999999999
2022-08-15,85.398,7.310928961748634,4.247759562841529,15.51,6.72912568306011
2022-08-16,81.22,7.610526315789474,4.228304093567251,15.51,6.798187134502924
2022-08-21,82.198,8.247368421052633,4.578223684210527,15.51,7.566332236842105
2022-08-22,45.204,9.049999999999999,4.51625,15.509999999999998,7.903437499999999
2022-08-23,43.039,9.090909090909092,4.64,15.509999999999998,8.12
2022-08-24,46.96,8.737804878048781,4.451829268292683,15.51,7.492439024390244
2022-08-25,63.776,9.035820895522388,4.947611940298508,15.510000000000002,8.232369402985075
2022-08-26,48.086,8.954444444444444,5.290444444444445,15.510000000000002,8.661944444444444
2022-08-27,57.998,9.821875,5.72734375,15.51,9.67158203125
2022-08-29,45.738,9.098095238095238,6.945142857142857,15.51,9.098095238095238
2022-08-30,66.738,12.0,6.652530120481927,15.51,11.196897590361445
2022-08-31,35.261,13.0,7.515000000000001,15.51,12.3
2022-09-01,47.503,12.718446601941748,7.981747572815534,15.51,12.215533980582524
2022-09-02,42.416000000000004,12.736842105263158,8.173684210526316,15.51,12.466052631578949
2022-09-03,53.626,12.39655172413793,8.279310344827586,15.510000000000002,12.242068965517241
2022-09-04,62.544,12.4992700729927,8.103941605839417,15.51,12.180054744525547
2022-09-05,53.158,12.628828828828828,8.367567567567567,15.51,12.628828828828828
2022-09-06,39.139,12.082051282051282,8.42,15.51,12.082051282051282
2022-09-07,40.007,13.662650602409638,8.73277108433735,15.51,13.662650602409638
2022-09-08,42.528,13.89126213592233,8.335339805825244,15.51,13.891262135922327
2022-09-09,66.968,14.0,8.341794871794871,15.51,14.0
2022-09-10,72.293,14.0,8.721085714285714,15.51,14.0
2022-09-11,63.234,13.511409395973155,9.262550335570468,15.509999999999998,13.511409395973153
2022-09-12,71.588,13.553374233128833,9.127116564417179,15.51,13.553374233128833
2022-09-13,47.126,12.475229357798165,8.177431192660551,15.51,12.407316513761469
2022-09-14,41.841,12.110638297872342,8.120638297872341,15.51,12.057021276595746
2022-09-15,27.431,11.636363636363637,7.983636363636363,15.51,11.636363636363637
2022-09-16,41.283,11.02247191011236,8.016629213483146,15.509999999999998,11.022471910112358
2022-09-17,69.613,11.0944099378882,7.73975155279503,15.510000000000002,11.0944099378882
2022-09-18,57.716,11.551181102362206,6.945826771653543,15.51,11.551181102362206
2022-09-19,38.815,11.385882352941175,6.309882352941177,15.51,10.625647058823528
2022-09-20,42.297,10.271739130434783,5.846086956521738,15.510000000000002,9.730271739130435
2022-09-21,32.068,10.75076923076923,5.95,15.51,10.4125
2022-09-22,50.388,10.177777777777779,5.7175,15.51,9.819375
2022-09-23,64.26,9.447945205479451,5.752739726027398,15.51,9.403801369863013
2022-09-24,75.743,10.017880794701988,5.863774834437087,15.509999999999998,9.992086092715232
2022-09-25,55.324,10.327272727272728,6.213272727272727,15.51,10.31259090909091
2022-09-26,30.76,10.331147540983606,6.37,15.51,10.317909836065573
2022-09-27,29.389,9.076712328767124,5.827808219178082,15.51,9.02681506849315
2022-09-28,32.625,10.013513513513514,6.078918918918919,15.51,9.998108108108108
2022-09-29,31.877,8.905555555555555,5.7716666666666665,15.51,8.882465277777778
2022-09-30,53.33,9.027049180327868,5.960655737704918,15.51,8.923360655737703
2022-10-01,76.799,10.055414012738854,6.335987261146497,15.510000000000002,10.005875796178342
2022-10-02,61.869,10.1,6.374545454545455,15.51,10.068125
2022-10-03,59.161,9.348412698412698,5.954603174603175,15.51,9.136984126984126
2022-10-04,49.869,10.626168224299066,6.096261682242991,15.51,10.149532710280374
2022-10-05,40.769,11.922105263157894,7.159157894736842,15.51,11.922105263157894
2022-10-06,71.588,10.639999999999999,5.907714285714286,15.51,10.038928571428572
2022-10-08,37.814,9.516666666666666,6.563076923076923,15.51,9.462467948717949
2022-10-09,53.058,9.022549019607842,6.203333333333333,15.51,8.889632352941176
2022-10-10,47.046,9.254838709677419,6.07258064516129,15.510000000000002,8.992580645161292
2022-10-11,29.66,10.31076923076923,6.365538461538462,15.51,10.285384615384615
2022-10-12,29.309,10.274999999999999,6.46235294117647,15.510000000000002,10.274999999999999
2022-10-13,30.605,10.358333333333333,6.5320833333333335,15.51,10.358333333333333
2022-10-14,11.595,10.103846153846153,6.681923076923076,15.51,10.103846153846153
2022-10-15,60.965,10.6528,6.74832,15.51,10.6528
2022-10-16,62.74,10.573282442748091,6.855190839694656,15.51,10.573282442748091
2022-10-17,35.261,9.763157894736842,6.709868421052631,15.51,9.763157894736842
2022-10-18,56.159,9.605303030303029,6.52,15.51,9.605303030303029
2022-10-19,33.063,11.381481481481481,7.817407407407408,15.51,11.381481481481481
2022-10-20,30.363,11.066666666666666,6.77,15.510000000000002,10.817500000000003
2022-10-22,56.496,10.193548387096774,5.708387096774194,15.51,9.553225806451614
2022-10-23,38.944,10.444827586206896,6.000344827586207,15.509999999999998,9.920057471264368
2022-10-24,30.369,9.408695652173913,6.060869565217391,15.510000000000002,9.319130434782608
2022-10-25,36.506,10.082954545454545,6.2070454545454545,15.509999999999998,10.067954545454546
2022-10-26,38.152,9.002083333333333,5.743125,15.51,8.985520833333334
2022-10-27,31.661,7.813888888888889,6.2941666666666665,15.51,7.813888888888889
2022-10-28,40.855,8.136046511627908,5.884418604651163,15.509999999999998,8.136046511627908
2022-10-29,64.036,8.598540145985401,5.468686131386861,15.51,8.026277372262774
2022-10-30,76.791,7.979190751445086,4.343005780346821,15.51,7.037225433526011
2022-10-31,47.777,7.257142857142857,4.2785714285714285,15.51,7.042857142857143
2022-11-01,39.603,7.795876288659793,4.7774226804123705,15.51,7.604123711340205
2022-11-03,63.801,6.628767123287671,3.8679452054794523,15.51,5.926010273972603
2022-11-05,73.537,6.8398734177215195,3.853164556962025,15.51,6.1411392405063285
2022-11-06,75.888,6.733333333333333,4.085625,15.51,6.495833333333334
2022-11-07,47.225,6.251546391752577,4.067113402061856,15.51,5.761159793814433
2022-11-08,41.117,6.251162790697674,4.048372093023256,15.509999999999998,5.712848837209302
2022-11-09,35.22,5.964,3.9820000000000007,15.51,5.5275
2022-11-10,39.756,5.916666666666667,3.2833333333333328,15.51,5.541369047619047
2022-11-11,45.043,6.258333333333333,3.281875,15.51,5.67328125
2022-11-12,56.455,6.3875,3.5787500000000003,15.51,6.0669531249999995
2022-11-13,50.639,6.430701754385965,3.601666666666667,15.509999999999998,6.2459649122807015
2022-11-14,38.303,6.182417582417583,3.4938461538461536,15.510000000000002,5.885714285714286
2022-11-15,38.944,5.9813186813186805,3.8359340659340657,15.510000000000002,5.698296703296703
2022-11-16,18.714,6.1720930232558135,3.9523255813953484,15.509999999999998,5.955813953488371
2022-11-17,38.752,5.51566265060241,2.8027710843373494,15.51,4.603132530120482
2022-11-18,68.424,5.846153846153846,3.102937062937063,15.509999999999998,4.980769230769231
2022-11-22,36.972,5.441666666666666,2.7416666666666667,15.51,4.797916666666667
2022-11-23,31.84,5.829032258064516,2.9859677419354838,15.51,5.225443548387097
2022-11-24,31.131,5.80983606557377,2.9213114754098357,15.51,5.112295081967213
2022-11-25,46.435,5.7250000000000005,3.3651136363636365,15.509999999999998,4.74846590909091
2022-12-06,38.551,5.881481481481481,3.283333333333333,15.51,5.514629629629629
2022-12-07,25.636,6.581818181818182,4.073636363636364,15.51,6.581818181818182
2022-12-08,46.357,5.743298969072165,3.463814432989691,15.51,4.923221649484537
2022-12-09,41.33,5.194791666666666,2.798958333333333,15.51,4.280729166666666
2022-12-10,55.053,5.473684210526316,3.2431578947368425,15.509999999999998,4.642543859649122
2022-12-11,62.536,5.16969696969697,2.705454545454545,15.51,4.028333333333333
2022-12-13,37.876,5.392307692307693,3.670769230769231,15.51,4.927692307692308
2022-12-14,40.701,6.05,3.6118181818181814,15.509999999999998,5.435738636363637
2022-12-15,44.891,5.829787234042553,3.3714893617021273,15.51,5.138297872340425
2022-12-16,28.131,6.667924528301886,4.537169811320755,15.51,6.469056603773585
2022-12-17,43.945,6.938028169014085,5.033661971830987,15.51,6.92112676056338
2022-12-18,68.962,5.740689655172414,3.6201379310344826,15.509999999999998,5.437310344827586
2022-12-19,47.456,5.483495145631068,3.497766990291262,15.51,5.419733009708738
2022-12-20,45.501,6.133333333333333,3.8775,15.51,6.133333333333333
2022-12-21,76.358,5.651648351648351,3.751648351648351,15.510000000000002,5.651648351648351
2022-12-22,33.671,6.144927536231884,4.164347826086956,15.510000000000002,6.144927536231883
2022-12-23,29.486,6.068965517241379,4.142068965517241,15.510000000000002,6.068965517241379
2022-12-24,47.279,6.68,4.341,15.51,6.68
2022-12-25,51.941,6.5155737704918035,4.268196721311476,15.51,6.5155737704918035
2022-12-26,27.857,6.508450704225352,4.4495774647887325,15.51,6.5084507042253525
2022-12-27,39.591,6.425287356321839,4.48448275862069,15.509999999999998,6.425287356321839
2022-12-28,36.052,6.842105263157895,4.975394736842105,15.51,6.842105263157895
2022-12-29,25.895,6.932786885245902,4.917213114754098,15.51,6.845491803278688
2022-12-30,29.769,6.315584415584416,4.204285714285715,15.51,6.289285714285715
2022-12-31,39.573,7.6139534883720925,5.302906976744186,15.509999999999998,7.6139534883720925
2023-01-01,39.38,7.161290322580645,4.81752688172043,15.510000000000002,7.161290322580647
2023-01-02,36.172,6.7821428571428575,4.6883333333333335,15.51,6.7821428571428575
2023-01-03,30.654,10.470491803278687,5.338524590163934,15.51,8.712131147540983
2023-01-04,27.843,10.263793103448275,5.52448275862069,15.510000000000002,9.015043103448276
2023-01-05,25.709,10.245098039215685,5.709411764705883,15.51,9.286764705882353
2023-01-06,27.047,10.64516129032258,6.29516129032258,15.51,10.16491935483871
2023-01-07,24.605999999999998,10.533333333333333,6.692222222222222,15.51,10.356527777777776
2023-01-08,34.433,10.84142857142857,7.081428571428571,15.51,10.777000000000001
2023-01-09,31.341,10.752307692307692,6.949230769230769,15.51,10.682923076923077
2023-01-10,15.292,10.854285714285714,6.975428571428572,15.51,10.784
2023-01-11,31.198999999999998,10.350769230769231,6.702461538461538,15.51,10.350769230769231
2023-01-12,27.908,11.01509433962264,7.249622641509434,15.51,11.01509433962264
2023-01-13,29.708000000000002,10.104918032786886,6.094590163934426,15.51,9.860000000000001
2023-01-14,55.134,10.234513274336283,6.192035398230089,15.51,9.919247787610619
2023-01-15,61.584,10.03015873015873,5.95,15.51,9.777777777777779
2023-01-16,46.516,9.478,6.0278,15.51,9.2076
2023-01-17,39.869,9.995000000000001,6.420999999999999,15.51,9.74453125
2023-01-18,58.399,10.747169811320756,6.820283018867924,15.51,10.676981132075472
2023-01-22,34.134,11.299999999999999,6.445,15.51,11.275
2023-01-23,66.018,11.134545454545455,6.449818181818182,15.51,11.114454545454544
2023-01-26,60.15,11.140350877192983,6.526929824561403,15.509999999999998,11.040504385964914
2023-01-27,69.283,10.687096774193549,6.37008064516129,15.51,10.686290322580644
2023-01-28,43.626,11.25,6.413125000000001,15.51,10.9771875
2023-01-29,40.249,10.71264367816092,6.53264367816092,15.509999999999998,10.71264367816092
2023-01-30,42.686,9.508791208791209,6.544615384615384,15.510000000000002,9.508791208791209
2023-01-31,37.502,9.57037037037037,6.594444444444444,15.51,9.57037037037037
2023-02-01,33.307,9.576271186440678,6.437118644067796,15.51,9.576271186440678
2023-02-02,41.747,9.652808988764045,6.7167415730337074,15.509999999999998,9.652808988764045
2023-02-03,53.285000000000004,9.63551401869159,6.407383177570094,15.51,9.63551401869159
2023-02-04,39.93,10.063218390804598,6.313563218390804,15.509999999999998,10.063218390804598
2023-02-05,39.59,9.951807228915662,6.2543373493975905,15.51,9.833644578313253
2023-02-06,34.646,10.084507042253522,6.628450704225352,15.51,10.084507042253522
2023-02-07,33.83,10.941891891891892,6.788108108108108,15.51,10.941891891891892
2023-02-08,35.924,10.732911392405063,6.786075949367089,15.51,10.732911392405063
2023-02-09,30.833,10.265753424657534,6.9482191780821925,15.51,10.265753424657536
2023-02-10,31.996,11.115277777777779,6.984444444444445,15.51,11.115277777777779
2023-02-11,53.417,10.0,6.884954128440367,15.51,10.0
2023-02-12,48.809,9.925233644859814,6.7827102803738315,15.51,9.925233644859814
2023-02-13,33.601,9.583561643835617,6.357945205479452,15.51,9.529623287671233
2023-02-14,37.56,9.320930232558139,6.266976744186047,15.509999999999998,9.3125
2023-02-15,31.355,9.177142857142856,5.748428571428572,15.51,9.080714285714285
2023-02-16,34.159,9.243243243243244,5.7043243243243245,15.51,9.085135135135134
2023-02-17,38.594,9.362790697674418,5.531511627906977,15.509999999999998,8.953691860465115
2023-02-18,48.488,9.21391304347826,5.527652173913043,15.509999999999998,8.737434782608695
2023-02-19,45.805,8.322935779816513,5.389082568807339,15.51,7.965137614678898
2023-02-20,29.447,8.558730158730159,5.517619047619047,15.51,8.249206349206348
2023-02-21,29.466,8.58611111111111,5.341388888888889,15.51,8.473611111111111
2023-02-22,29.54,7.957575757575756,5.085,15.51,7.712878787878788
2023-02-23,33.284,7.824999999999999,5.230625,15.51,7.787031249999999
2023-02-24,31.17,8.558730158730159,5.468571428571428,15.51,8.489365079365077
2023-02-25,44.994,8.420408163265305,5.374285714285714,15.51,8.380918367346938
2023-02-26,47.396,8.342268041237112,5.44381443298969,15.51,8.342268041237112
2023-02-27,13.221,9.2,6.31,15.51,9.2
2023-02-28,27.118,8.542857142857143,5.71,15.51,8.542857142857143
2023-03-01,23.98,8.50909090909091,5.9959999999999996,15.51,8.50909090909091
2023-03-02,28.182,8.22295081967213,6.09344262295082,15.51,8.22295081967213
2023-03-03,34.915,8.467948717948717,6.3735897435897435,15.51,8.467948717948717
2023-03-04,33.769,8.882089552238806,6.483582089552239,15.510000000000002,8.882089552238805
2023-03-05,47.699,8.792,6.489199999999999,15.51,8.792
2023-03-06,23.166,8.357692307692307,6.248076923076923,15.51,8.357692307692307
2023-03-07,31.21,8.494594594594595,6.435540540540541,15.51,8.494594594594595
2023-03-08,22.18,8.302040816326532,5.859795918367347,15.51,8.302040816326532
2023-03-09,22.245,8.709615384615384,6.032307692307692,15.51,8.604326923076924
2023-03-10,12.423,7.182142857142857,5.193214285714285,15.51,7.083035714285715
2023-03-11,15.802,8.54857142857143,5.0,15.51,8.501428571428571
2023-03-12,19.536,7.516666666666667,5.03,15.51,7.516666666666667
2023-03-13,10.596,7.779166666666668,4.95,15.51,7.681770833333332
2023-03-14,9.076,8.1,4.04,15.51,6.715999999999999
2023-03-15,9.683,7.800000000000001,4.55,15.51,7.201785714285713
2023-03-16,31.584,8.618055555555555,6.605,15.51,8.395138888888887
2023-03-17,48.093,8.943801652892562,6.837851239669422,15.51,8.943801652892562
2023-03-18,59.217,9.667153284671533,7.0870072992700734,15.51,9.667153284671533
2023-03-19,49.399,9.688461538461539,7.370384615384615,15.51,9.688461538461539
2023-03-20,37.566,9.132967032967032,7.089890109890111,15.510000000000002,9.132967032967032
2023-03-21,35.803,9.00952380952381,7.648571428571429,15.51,9.00952380952381
2023-03-22,27.368,10.133333333333333,7.9479999999999995,15.51,10.133333333333333
2023-03-23,29.488,10.516923076923078,8.169076923076924,15.51,10.516923076923078
2023-03-24,33.301,10.233333333333334,8.594583333333333,15.51,10.233333333333334
2023-03-25,28.459,10.676923076923076,7.788307692307692,15.51,10.676923076923076
2023-03-26,48.675,10.411764705882353,7.548823529411765,15.51,10.411764705882353
2023-03-27,20.459,10.763265306122449,7.5836734693877546,15.51,10.763265306122449
2023-03-28,18.519,10.411363636363637,7.579999999999999,15.509999999999998,10.411363636363637
2023-03-29,26.46,10.705000000000002,7.584,15.51,10.705000000000002
2023-03-30,25.925,10.4359375,7.65625,15.51,10.4359375
2023-03-31,34.604,10.266666666666667,7.68148148148148,15.51,10.266666666666667
2023-04-01,35.079,10.700000000000001,7.640526315789473,15.51,10.700000000000001
2023-04-02,39.362,10.702409638554217,8.193734939759036,15.51,10.702409638554217
2023-04-03,16.457,10.7,8.02,15.51,10.700000000000001
2023-04-04,20.022,10.606666666666667,8.442444444444446,15.510000000000002,10.606666666666667
2023-04-05,45.417,10.375247524752476,9.058019801980198,15.51,10.375247524752476
2023-04-06,23.05,12.24313725490196,8.53372549019608,15.51,12.24313725490196
2023-04-07,31.899,11.881818181818183,7.963181818181817,15.51,11.881818181818183
2023-04-08,35.691,11.50263157894737,7.848421052631579,15.51,11.486052631578946
2023-04-09,30.536,10.484375,7.70625,15.51,10.484375
2023-04-10,18.365,10.071428571428571,7.589999999999999,15.51,10.071428571428571
2023-04-11,15.788,9.799999999999999,7.536176470588236,15.510000000000002,9.799999999999999
2023-04-12,17.265,9.975757575757575,7.509090909090909,15.51,9.975757575757575
2023-04-13,19.775,9.988095238095237,7.239999999999999,15.51,9.988095238095237
2023-04-14,18.183,10.82857142857143,7.395428571428571,15.51,10.803
2023-04-15,20.852,11.022222222222222,7.416222222222222,15.510000000000002,11.022222222222222
2023-04-16,23.472,10.32,6.981,15.51,10.32
2023-04-17,14.475,10.933333333333334,7.145454545454545,15.51,10.933333333333334
2023-04-18,16.779,10.736842105263158,6.8999999999999995,15.51,10.736842105263158
2023-04-19,19.103,10.926829268292684,7.0753658536585355,15.51,10.926829268292684
2023-04-20,19.807,10.10909090909091,6.826818181818182,15.509999999999998,10.10909090909091
2023-04-21,26.17,10.56551724137931,7.158275862068964,15.510000000000002,10.56551724137931
2023-04-22,40.026,10.472727272727273,7.029090909090908,15.509999999999998,10.472727272727273
2023-04-23,22.853,11.43265306122449,7.930612244897959,15.51,11.43265306122449
2023-04-24,17.855999999999998,9.929268292682927,6.864634146341463,15.51,9.929268292682927
2023-04-25,15.89,10.0,6.6499999999999995,15.51,10.0
2023-04-26,21.236,9.5,6.637499999999999,15.51,9.5
2023-04-27,14.24,10.08,7.108,15.51,10.08
2023-04-28,22.806,10.18867924528302,7.393962264150943,15.51,10.18867924528302
2023-04-29,27.577,9.636363636363637,7.4790909090909095,15.51,9.636363636363637
2023-04-30,25.487000000000002,10.246153846153845,7.774615384615384,15.51,10.246153846153845
2023-05-01,29.389,10.181818181818182,7.799999999999999,15.51,10.181818181818182
2023-05-02,22.365,10.582978723404254,7.568936170212766,15.51,10.582978723404254
2023-05-03,32.371,10.67142857142857,6.964571428571429,15.51,10.67142857142857
2023-05-04,32.652,10.4375,7.17,15.51,10.4375
2023-05-05,28.675,10.68421052631579,7.624210526315789,15.509999999999998,10.68421052631579
2023-05-06,34.087,10.1875,6.553333333333333,15.51,9.965416666666666
2023-05-07,54.158,10.752212389380531,6.80150442477876,15.51,10.131438053097344
2023-05-08,17.863,11.52,7.720999999999999,15.51,11.42825
2023-05-09,25.81,10.08,6.576,15.51,10.08
2023-05-10,26.422,10.254545454545454,6.721818181818182,15.51,10.254545454545454
2023-05-11,23.274,9.979166666666666,6.6085416666666665,15.51,9.979166666666666
2023-05-12,21.507,9.475,7.421250000000001,15.51,9.475
2023-05-13,45.087,8.87741935483871,6.590967741935483,15.510000000000002,8.87741935483871
2023-05-14,43.642,8.68641975308642,6.173086419753086,15.51,8.567962962962962
2023-05-15,27.764,10.40508474576271,6.786779661016949,15.51,10.333389830508473
2023-05-16,26.009,10.339583333333334,6.763333333333333,15.51,10.282552083333332
2023-05-17,19.914,10.484444444444446,6.944000000000001,15.510000000000002,10.435555555555554
2023-05-18,22.684,10.458333333333334,7.289583333333333,15.51,10.404427083333333
2023-05-19,20.153,10.033333333333333,6.9780952380952375,15.51,9.995833333333332
2023-05-20,27.242,9.994736842105263,7.261052631578948,15.509999999999998,9.994736842105263
2023-05-21,29.13,10.193548387096774,7.543225806451613,15.51,10.193548387096774
2023-05-22,14.808,10.514285714285714,8.112857142857143,15.51,10.514285714285714
2023-05-23,20.181,10.72,8.123000000000001,15.51,10.72
2023-05-24,15.923,11.314285714285715,8.565714285714286,15.51,11.314285714285715
2023-05-25,14.565,9.25625,8.078125,15.51,9.25625
2023-05-26,24.236,10.607272727272727,8.508545454545454,15.51,10.607272727272727
2023-05-27,41.279,10.388372093023255,8.489418604651163,15.509999999999998,10.388372093023253
2023-05-28,36.971000000000004,10.753846153846153,8.573461538461538,15.51,10.753846153846153
2023-05-29,16.312,13.133333333333331,8.923333333333334,15.51,12.714166666666666
2023-05-30,14.652000000000001,13.757575757575758,9.77787878787879,15.51,13.757575757575758
2023-05-31,16.723,13.674418604651162,9.871162790697674,15.509999999999998,13.674418604651162
2023-06-01,19.364,13.702127659574469,9.939148936170215,15.51,13.702127659574469
2023-06-02,16.172,13.83673469387755,10.248367346938776,15.51,13.83673469387755
2023-06-03,33.243,13.814814814814815,9.97,15.51,13.814814814814815
2023-06-04,25.117,13.904761904761905,9.754761904761905,15.51,13.904761904761905
2023-06-05,22.57,13.75,9.444999999999999,15.51,13.75
2023-06-06,21.351,13.962264150943396,9.919056603773585,15.51,13.962264150943396
2023-06-10,26.766,14.526666666666667,10.421333333333335,15.51,14.526666666666667
2023-06-11,25.472,14.360714285714284,10.010535714285714,15.51,14.360714285714284
2023-06-12,17.143,13.566666666666666,9.229444444444445,15.51,13.566666666666666
2023-06-15,9.804,14.41,10.275,15.51,14.41
2023-06-16,22.692,13.720930232558139,9.171860465116279,15.509999999999998,13.720930232558139
2023-06-21,16.697,13.2,9.37,15.51,13.2
2023-06-22,17.912,14.0,9.2,15.51,14.0
2023-06-23,9.279,14.0,9.27,15.509999999999998,14.0
2023-06-24,11.548,14.0,8.637777777777778,15.51,14.0
2023-06-25,10.681,14.0,8.15,15.51,14.0
2023-06-26,8.083,14.0,7.94,15.51,13.895000000000001
2023-06-27,14.272,12.0,7.8,15.51,12.0
2023-06-28,16.069,12.277777777777779,7.7958333333333325,15.51,12.277777777777779
2023-06-29,24.367,11.953846153846154,8.036153846153846,15.51,11.953846153846154
2023-06-30,28.087,11.481967213114753,7.904754098360656,15.51,11.481967213114753
